movie,year,add_info,location
"BBC Comedy Feeds" ,2012, {Rude Boys (#3.7)},London England UK
"BBC East Midlands Today" ,1991,NO DATA,Leicester Leicestershire England UK
"BBC East Midlands Today" ,1991, {04/04/2015 6:50pm},Braunston-in-Rutland Rutland East Midlands England UK
"BBC Electric Proms" ,2006,NO DATA,Cecil Sharp House Regents Park Road Camden London England UK
"BBC East Midlands Today" ,1991,NO DATA,Derby Derbyshire England UK
"#1 Single" ,2006,NO DATA,Los Angeles California USA
"#1 Single" ,2006,NO DATA,New York City New York USA
"#15SecondScare" ,2015, {It's Me Jessica (#1.5)},Coventry West Midlands England UK
"#15SecondScare" ,2015, {Who Wants to Play with the Rabbit? (#1.2)},West Hills California USA
"#15SecondScare" ,2015, {Who Wants to Play with the Rabbit? (#1.2)},West Hills California USA
"#2WheelzNHeelz" ,2017,NO DATA,Nashville Tennessee USA
"#ATown" ,2014,NO DATA,Spiderhouse Cafe Austin Texas USA
"#ATown" ,2014,NO DATA,Love Balls Austin Texas USA
"#ATown" ,2014,NO DATA,Jo's Cafe San Marcos Texas USA
"#ATown" ,2014,NO DATA,Town Lake Austin Texas USA
"#ATown" ,2014,NO DATA,Texas Rowing Center Austin Texas USA
"#ATown" ,2014,NO DATA,Mount Bonnell Austin Texas USA
"#ATown" ,2014,NO DATA,Alamo Drafthouse Ritz Austin Texas USA
"#ATown" ,2014,NO DATA,Red's Porch Austin Texas USA
"#ATown" ,2014,NO DATA,Barton Springs Austin Texas USA
"#ActorsLife" ,2016,NO DATA,New York City New York USA
"#BreakfastClub" ,2017,NO DATA,New York City New York USA
"#BreakfastClub" ,2017,NO DATA,Los Angeles California USA
"#ByMySide" ,2012,NO DATA,Alessandria Piedmont Italy
"#CaptchaLA" ,2017,NO DATA,Los Angeles California USA
"#DayOff" ,2013,NO DATA,New York City New York USA
"#DearGeorgette" ,2015,NO DATA,New York City New York USA
"#Elmira" ,2014,NO DATA,Elmira New York USA
"#Fuga" ,2016,NO DATA,Barra da Tijuca Rio de Janeiro Rio de Janeiro Brazil
"#Hashtag Travel UK" ,2017,NO DATA,England UK
"#Hashtag Travel" ,2017,NO DATA,Hudson Valley New York USA
"#Hashtag Travel" ,2017, {The Hudson Valley (#1.1)},Cold Spring New York USA
"#Hashtag Travel" ,2017, {The Hudson Valley (#1.1)},Beacon New York USA
"#Hashtag Travel" ,2017, {The Hudson Valley (#1.1)},Fishkill New York USA
"#Hashtag Travel" ,2017, {The Hudson Valley (#1.1)},Wappingers Falls New York USA
"#Hashtag Travel" ,2017, {The Hudson Valley (#1.1)},Poughkeepsie New York USA
"#Hashtag: The Series" ,2013,NO DATA,Chicago Illinois USA
"#Hashtag: The Series" ,2013, {#WhatWouldSiriDo - (2014) (#2.8)},Chicago Illinois USA
"#KateConwayisaJerk" ,2015,NO DATA,Toronto Ontario Canada
"#KateConwayisaJerk" ,2015, {Helpful Tips for Getting Over a Breakup (#1.2)},Remark's Bar & Grill - 1026 Coxwell Ave Toronto Ontario Canada
"#KateConwayisaJerk" ,2015, {Helping Friends (#1.1)},Gooderham Building 49 Wellington Street East Toronto Ontario Canada
"#KateConwayisaJerk" ,2015, {Helping Keep Your Boyfriend Company (#1.3)},Russell Winkelaar's flat Toronto Ontario Canada
"#KateConwayisaJerk" ,2015, {Helping Miriam Pultro Around Toronto (#1.5)},Broadview Avenue Toronto Ontario Canada
"#KillTorrey" ,2016,NO DATA,Burbank California USA
"#LakeShow" ,2012,NO DATA,El Segundo California USA
"#LawstinWoods" ,2013,NO DATA,Erin New York USA
"#LawstinWoods" ,2013,NO DATA,Corning New York USA
"#LawstinWoods" ,2013, {The Case of the Case (#1.5)},Erin New York USA
"#LawstinWoods" ,2013, {The Great Divide (#1.4)},Erin New York USA
"#LawstinWoods" ,2013, {The Great Divide (#1.4)},Corning New York USA
"#LawstinWoods" ,2013, {The Happening (#1.3)},Erin New York USA
"#LawstinWoods" ,2013, {The Happening (#1.3)},Corning New York USA
"#LawstinWoods" ,2013, {The Happening (#1.3)},Poultney Vermont USA
"#LdnOnt" ,2012,NO DATA,London Ontario Canada
"#LoveMyRoomie" ,2016,NO DATA,New York USA
"#LoveMyRoomie" ,2016, {S2. E1 (#2.1)},Brooklyn New York USA
"#Millennials" ,2015,NO DATA,Los Angeles California USA
"#Mittelfingerspitzengefhl" ,2017,NO DATA,Germany
"#Mittelfingerspitzengefhl" ,2017,NO DATA,The Netherlands
"#MommasGotBars" ,2015,NO DATA,Brooklyn New York USA
"#Murder" ,2017,NO DATA,Knoxville Tennessee USA
"#MyCurrentSituation: Atlanta" ,2016,NO DATA,Atlanta Georgia USA
"#MyCurrentSituation: Atlanta" ,2016,NO DATA,Memphis Tennessee USA
"#NerdNoise" ,2012,NO DATA,Los Angeles California USA
"#Nightstrife" ,2014,NO DATA,Chicago Illinois USA
"#OscarTheOuch" ,2013,NO DATA,Hollywood California USA
"#QuieroEseLook!" ,2013,NO DATA,Rio Grande Puerto Rico
"#SmurTv" ,2016,NO DATA,Roanoke Virginia USA
"#SmurTv" ,2016,NO DATA,Charlotte North Carolina USA
"#SmurTv" ,2016,NO DATA,Atlanta Georgia USA
"#SpongeyLeaks" ,2016,NO DATA,Northridge California USA
"#SpongeyLeaks" ,2016, {Leak 2.1: in medias res: Fraudulent Eviction Notices & Bulletproof Vests: Barb's 2nd Abuser (#1.4)},Northridge California USA
"#TanCosmo" ,2014,NO DATA,Buenos Aires Federal District Argentina
"#Troublemakers" ,2013,NO DATA,Wilmington Delaware USA
"#VanLifeAttila" ,2016,NO DATA,Canada
"#VanLifeAttila" ,2016,NO DATA,California USA
"#VanLifeAttila" ,2016,NO DATA,Europe
"#VanLifeAttila" ,2016, {"Over" a Film by Attila (#3.31)},Wells British Columbia Canada
"#VanLifeAttila" ,2016, {"Over" a Film by Attila (#3.31)},Barkerville Highway
"#VanLifeAttila" ,2016, {#CookingWithTheHun(bacon turkey) (#3.14)},Wells British Columbia Canada
"#VanLifeAttila" ,2016, {1 Year After Starting Meds for Depression (#3.15)},Barkerville Highway
"#VanLifeAttila" ,2016, {@DearestDayna (#4.15)},Burnaby British Columbia Canada
"#VanLifeAttila" ,2016, {@DearestDayna: Signing Up (#2.11)},Coquitlam British Columbia Canada
"#VanLifeAttila" ,2016, {A Domestic Life (#3.6)},Wells British Columbia Canada
"#VanLifeAttila" ,2016, {A Domestic Life (#3.6)},Quesnel British Columbia Canada
"#VanLifeAttila" ,2016, {A Domestic Life (#3.6)},Barkerville British Columbia Canada
"#VanLifeAttila" ,2016, {A Domestic Life (#3.6)},Vancouver British Columbia Canada
"#VanLifeAttila" ,2016, {All Work and No Play (#4.2)},Vancouver British Columbia Canada
"#VanLifeAttila" ,2016, {An Ideal Life (#3.5)},Wells British Columbia Canada
"#VanLifeAttila" ,2016, {Attila the Drunk (#3.10)},Wells British Columbia Canada
"#VanLifeAttila" ,2016, {Back in the 1800s (#3.20)},Barkerville British Columbia Canada
"#VanLifeAttila" ,2016, {Becky Oben: Part 2 (#1.6)},North Vancouver British Columbia Canada
"#VanLifeAttila" ,2016, {Becky Oben: Part 3 (#1.7)},North Vancouver British Columbia Canada
"#VanLifeAttila" ,2016, {Becky Oben: Part 4 (#1.8)},North Vancouver British Columbia Canada
"#VanLifeAttila" ,2016, {Bullseye (#4.8)},Vancouver British Columbia Canada
"#VanLifeAttila" ,2016, {Cariboo Joy RV Park (#3.7)},Wells British Columbia Canada
"#VanLifeAttila" ,2016, {Cariboo Joy RV Park (#3.7)},Barkerville British Columbia Canada
"#VanLifeAttila" ,2016, {Cariboo Joy RV Park (#3.7)},Quesnel British Columbia Canada
"#VanLifeAttila" ,2016, {Clinical Depression: Season Finale (#3.35)},Kelowna British Columbia Canada
"#VanLifeAttila" ,2016, {Constructively Ill (#3.3)},Wells British Columbia Canada
"#VanLifeAttila" ,2016, {DearestDayna: Color Me Purple (#2.10)},Coquitlam British Columbia Canada
"#VanLifeAttila" ,2016, {DearestDayna: Working for Free in Banff (#2.7)},Coquitlam British Columbia Canada
"#VanLifeAttila" ,2016, {Diminished Mental Capacity: Part 1 (#3.23)},Wells British Columbia Canada
"#VanLifeAttila" ,2016, {Diminished Mental Capacity: Part 2 (#3.25)},Wells British Columbia Canada
"#VanLifeAttila" ,2016, {Dr. Joseph Park (#3.2)},Wells British Columbia Canada
"#VanLifeAttila" ,2016, {Dr. Joseph Park (#3.2)},Barkerville British Columbia Canada
"#VanLifeAttila" ,2016, {First Audition in 5 Years (#4.10)},Richmond British Columbia Canada
"#VanLifeAttila" ,2016, {First Audition in 5 Years (#4.10)},Vancouver British Columbia Canada
"#VanLifeAttila" ,2016, {Flashback (#2.9)},Barkerville Highway
"#VanLifeAttila" ,2016, {Food Rehearsals Food (#3.4)},Wells British Columbia Canada
"#VanLifeAttila" ,2016, {Food Rehearsals Food (#3.4)},Barkerville British Columbia Canada
"#VanLifeAttila" ,2016, {Forget the Middle Man (#3.19)},Wells British Columbia Canada
"#VanLifeAttila" ,2016, {Ghosts of Minnehaha (#3.24)},Barkerville British Columbia Canada
"#VanLifeAttila" ,2016, {God Is a Copout (#2.3)},Sicamous British Columbia Canada
"#VanLifeAttila" ,2016, {God Is a Copout (#2.3)},Calgary Alberta Canada
"#VanLifeAttila" ,2016, {God Is a Copout (#2.3)},Vancouver British Columbia Canada
"#VanLifeAttila" ,2016, {God Is a Copout (#2.3)},Hope British Columbia Canada
"#VanLifeAttila" ,2016, {God Is a Copout (#2.3)},Barkerville British Columbia Canada
"#VanLifeAttila" ,2016, {Gramophone (#3.30)},Barkerville British Columbia Canada
"#VanLifeAttila" ,2016, {Hit 'n' Run (#2.2)},Sicamous British Columbia Canada
"#VanLifeAttila" ,2016, {Hope. A Dangerous Thing. (#2.1)},Wells British Columbia Canada
"#VanLifeAttila" ,2016, {Hope. A Dangerous Thing. (#2.1)},Barkerville British Columbia Canada
"#VanLifeAttila" ,2016, {Job 5 (#4.12)},Burnaby British Columbia Canada
"#VanLifeAttila" ,2016, {Job 6 (#4.14)},North Vancouver British Columbia Canada
"#VanLifeAttila" ,2016, {Joseph Park: A Term of Slang (#3.34)},Barkerville British Columbia Canada
"#VanLifeAttila" ,2016, {Live Finale (#4.28)},Vancouver British Columbia Canada
"#VanLifeAttila" ,2016, {Man Make Fire Aka Cooking with the Hun: Early Days (#3.8)},Wells British Columbia Canada
"#VanLifeAttila" ,2016, {My Experiment: #VanLifeAttila(Pilot) (#1.0)},Vancouver British Columbia Canada
"#VanLifeAttila" ,2016, {My Feature Film (#4.5)},Stanley Park Vancouver British Columbia Canada
"#VanLifeAttila" ,2016, {New Career (#4.27)},Alberta Canada
"#VanLifeAttila" ,2016, {Novel Reading: My Memoirs (#2.14)},Vancouver British Columbia Canada
"#VanLifeAttila" ,2016, {Novel Reading: My Memoirs (#2.14)},Budapest Hungary
"#VanLifeAttila" ,2016, {Novel Reading: My Memoirs (#2.14)},Budapest Hungary
"#VanLifeAttila" ,2016, {Painful Arrival: PART 1 (#2.12)},Barkerville Highway
"#VanLifeAttila" ,2016, {Painful Arrival: PART 1 (#2.12)},Barkerville British Columbia Canada
"#VanLifeAttila" ,2016, {Painful Arrival: PART 1 (#2.12)},Wells British Columbia Canada
"#VanLifeAttila" ,2016, {Painful Arrival: PART 2 (#2.13)},Barkerville British Columbia Canada
"#VanLifeAttila" ,2016, {Parking Problems vs Real Problems (#4.4)},Vancouver British Columbia Canada
"#VanLifeAttila" ,2016, {Pussy vs Problems (#2.6)},Barkerville British Columbia Canada
"#VanLifeAttila" ,2016, {Pussy vs Problems (#2.6)},Coquitlam British Columbia Canada
"#VanLifeAttila" ,2016, {Ranting: The Frustrated Me (#4.11)},North Vancouver British Columbia Canada
"#VanLifeAttila" ,2016, {Settling Into My Life-Sorta. (#4.26)},Vancouver British Columbia Canada
"#VanLifeAttila" ,2016, {Shots for the Queen(Victoria) (#3.26)},Barkerville British Columbia Canada
"#VanLifeAttila" ,2016, {St. George Hotel (#3.11)},Barkerville British Columbia Canada
"#VanLifeAttila" ,2016, {Stanley (#3.21)},Stanley British Columbia Canada
"#VanLifeAttila" ,2016, {Take 2 and Call Me in the Morning (#3.27)},Quesnel British Columbia Canada
"#VanLifeAttila" ,2016, {That Moment When You Know (#3.16)},Barkerville British Columbia Canada
"#VanLifeAttila" ,2016, {That Moment When You Know (#3.16)},Wells British Columbia Canada
"#VanLifeAttila" ,2016, {That Moment When You Know (#3.16)},Wendle Lake British Columbia Canada
"#VanLifeAttila" ,2016, {The Butler Did It (#3.1)},Barkerville British Columbia Canada
"#VanLifeAttila" ,2016, {The Butler Did It (#3.1)},Wells British Columbia Canada
"#VanLifeAttila" ,2016, {The Butler Didn't Do It (#3.29)},Wells British Columbia Canada
"#VanLifeAttila" ,2016, {The Butler Didn't Do It (#3.29)},Quesnel British Columbia Canada
"#VanLifeAttila" ,2016, {The Day to Day (#3.12)},Barkerville British Columbia Canada
"#VanLifeAttila" ,2016, {The Day to Day (#3.12)},Wells British Columbia Canada
"#VanLifeAttila" ,2016, {The Day to Day (#3.12)},Quesnel British Columbia Canada
"#VanLifeAttila" ,2016, {The Full Tour (#3.32)},Barkerville British Columbia Canada
"#VanLifeAttila" ,2016, {The Picnic Table (#3.9)},Wells British Columbia Canada
"#VanLifeAttila" ,2016, {Therapy Tools. Butler Tools. (#3.13)},Barkerville British Columbia Canada
"#VanLifeAttila" ,2016, {Therapy Tools. Butler Tools. (#3.13)},Barkerville Highway
"#VanLifeAttila" ,2016, {There's No Place Like Home (#3.33)},Boston Bar British Columbia Canada
"#VanLifeAttila" ,2016, {WWJD? Part 1: Free Legal Advice (#3.18)},Barkerville British Columbia Canada
"#VanLifeAttila" ,2016, {WWJD? Part 2: Free Legal Advice (#3.22)},Barkerville British Columbia Canada
"#VanLifeAttila" ,2016, {Welcome to the 1930's (#3.28)},Barkerville British Columbia Canada
"#VanLifeAttila" ,2016, {Welcome to the Caribou (#2.4)},British Columbia Canada
"#VanLifeAttila" ,2016, {Wet Bed/Personal Stories (#1.2)},Vancouver British Columbia Canada
"#VanLifeAttila" ,2016, {What Is Reality (#2.5)},Barkerville Highway
"#VanLifeAttila" ,2016, {Working for Free (#2.8)},Toronto Ontario Canada
"#VanLifeAttila" ,2016, {Working for Free (#2.8)},Banff Alberta Canada
"#VanLifeAttila" ,2016, {Working for Free (#2.8)},Winnipeg Manitoba Canada
"#VanLifeAttila" ,2016, {You Brought 'Er You Lick 'Er (#4.9)},Richmond British Columbia Canada
"#VitalSignz" ,2017,NO DATA,Toronto Ontario Canada
"#WarGames" ,2018,NO DATA,Glen Head Long Island New York USA
"#WarGames" ,2018,NO DATA,New York City New York USA
"#tlir" ,2013,NO DATA,Petoskey Michigan USA
"$#*! My Dad Says" ,2010,NO DATA,Warner Brothers Burbank Studios - 4000 Warner Boulevard Burbank California USA
"$#*! My Dad Says" ,2010, {Code Ed (#1.4)},Warner Brothers Burbank Studios - 4000 Warner Boulevard Burbank California USA
"$#*! My Dad Says" ,2010, {Corn Star (#1.14)},Warner Brothers Burbank Studios - 4000 Warner Boulevard Burbank California USA
"$#*! My Dad Says" ,2010, {Dog Ed Pursuit (#1.7)},Warner Brothers Burbank Studios - 4000 Warner Boulevard Burbank California USA
"$#*! My Dad Says" ,2010, {Easy Writer (#1.6)},Warner Brothers Burbank Studios - 4000 Warner Boulevard Burbank California USA
"$#*! My Dad Says" ,2010, {Ed Goes to Court (#1.15)},Warner Brothers Burbank Studios - 4000 Warner Boulevard Burbank California USA
"$#*! My Dad Says" ,2010, {Family Dinner for Schmucks (#1.11)},Warner Brothers Burbank Studios - 4000 Warner Boulevard Burbank California USA
"$#*! My Dad Says" ,2010, {Goodson Goes Deep (#1.12)},Warner Brothers Burbank Studios - 4000 Warner Boulevard Burbank California USA
"$#*! My Dad Says" ,2010, {Lock and Load (#1.17)},Warner Brothers Burbank Studios - 4000 Warner Boulevard Burbank California USA
"$#*! My Dad Says" ,2010, {Make a Wish (#1.9)},Warner Brothers Burbank Studios - 4000 Warner Boulevard Burbank California USA
"$#*! My Dad Says" ,2010, {Not Without My Jacket (#1.5)},Warner Brothers Burbank Studios - 4000 Warner Boulevard Burbank California USA
"$#*! My Dad Says" ,2010, {Pilot (#1.1)},Warner Brothers Burbank Studios - 4000 Warner Boulevard Burbank California USA
"$#*! My Dad Says" ,2010, {The Better Father (#1.13)},Warner Brothers Burbank Studios - 4000 Warner Boulevard Burbank California USA
"$#*! My Dad Says" ,2010, {The Manly Thing to Do (#1.8)},Warner Brothers Burbank Studios - 4000 Warner Boulevard Burbank California USA
"$#*! My Dad Says" ,2010, {The Truth About Dads & Moms (#1.3)},Warner Brothers Burbank Studios - 4000 Warner Boulevard Burbank California USA
"$#*! My Dad Says" ,2010, {Well Suitored (#1.16)},Warner Brothers Burbank Studios - 4000 Warner Boulevard Burbank California USA
"$#*! My Dad Says" ,2010, {Who's Your Daddy? (#1.18)},Warner Brothers Burbank Studios - 4000 Warner Boulevard Burbank California USA
"$#*! My Dad Says" ,2010, {Wi-Fight (#1.2)},Warner Brothers Burbank Studios - 4000 Warner Boulevard Burbank California USA
"$#*! My Dad Says" ,2010, {You Can't Handle the Truce (#1.10)},Warner Brothers Burbank Studios - 4000 Warner Boulevard Burbank California USA
"$1_000_000 Chance of a Lifetime" ,1986,NO DATA,Hollywood Center Studios - 1040 N. Las Palmas Avenue Hollywood Los Angeles California USA
"$2 Bill" ,2002, {Kanye West},Los Angeles California USA
"$2 Bill" ,2002, {The Strokes (#1.1)},Hollywood Center Studios - 1040 N. Las Palmas Avenue Hollywood Los Angeles California USA
"$2 Bill" ,2002, {Yellowcard},San Diego California USA
"$2 Donuts" ,2017,NO DATA,Sydney Australia
"$25 Million Dollar Hoax" ,2004,NO DATA,San Diego California USA
"$5 Cover" ,2009,NO DATA,Memphis Tennessee USA
"$5 Cover" ,2009, {A New Drummer (#1.1)},Tennessee USA
"$5 Cover" ,2009, {Head Change (#1.2)},Tennessee USA
"$5 Cover" ,2009, {Jacked Up and Crying (#1.6)},Tennessee USA
"$5 Cover" ,2009, {Kate and Company (#1.4)},Tennessee USA
"$5 Cover" ,2009, {Memphis Drama (#1.3)},Tennessee USA
"$5 Cover" ,2009, {Skills of the Father (#1.5)},Tennessee USA
"$5 Cover: Seattle" ,2009,NO DATA,Seattle Washington USA
"$5_000 Video" ,2013,NO DATA,Los Angeles California USA
"$50_000 Letterbox" ,1980,NO DATA,TVW7 Studios Perth Western Australia Australia
"$tripped" ,2015, {Desired (#1.6)},Riviera Hotel & Casino - 2901 Las Vegas Boulevard South Las Vegas Nevada USA
"$tripped" ,2015, {Entertained (#1.3)},Riviera Hotel & Casino - 2901 Las Vegas Boulevard South Las Vegas Nevada USA
"$tripped" ,2015, {Naked (#1.11)},Riviera Hotel & Casino - 2901 Las Vegas Boulevard South Las Vegas Nevada USA
"$tripped" ,2015, {Sneaked (#1.2)},Riviera Hotel & Casino - 2901 Las Vegas Boulevard South Las Vegas Nevada USA
"$weepstake$" ,1979,NO DATA,Paramount Studios - 5555 Melrose Avenue Hollywood Los Angeles California USA
"$weepstake$" ,1979, {(#1.1)},Paramount Studios - 5555 Melrose Avenue Hollywood Los Angeles California USA
"$weepstake$" ,1979, {(#1.7)},Paramount Studios - 5555 Melrose Avenue Hollywood Los Angeles California USA
"&@" ,2010,NO DATA,Seattle Washington USA
"' Horse Trials '" ,2011,NO DATA,England UK
"'80s Videos: A to Z" ,2009,NO DATA,Santa Monica California USA
"'Allo 'Allo!" ,1982,NO DATA,BBC Elstree Centre/ATV Studios Borehamwood Hertfordshire England UK
"'Allo 'Allo!" ,1982,NO DATA,BBC Television Centre Wood Lane Shepherd's Bush London England UK
"'Allo 'Allo!" ,1982,NO DATA,Denver Mill Denver England UK
"'Allo 'Allo!" ,1982,NO DATA,Beeston Church Beeston England UK
"'Allo 'Allo!" ,1982,NO DATA,Railway bridge Beeston England UK
"'Allo 'Allo!" ,1982,NO DATA,Lynford Hall Lynford Norfolk England UK
"'Allo 'Allo!" ,1982, {A Bun in the Oven (#8.0)},England UK
"'Allo 'Allo!" ,1982, {A Duck for Launch (#5.15)},England UK
"'Allo 'Allo!" ,1982, {A Fishy Sendoff (#9.5)},England UK
"'Allo 'Allo!" ,1982, {A Fishy Sendoff (#9.5)},County School railway station Norfolk England UK
"'Allo 'Allo!" ,1982, {A Fistful of Francs (#8.6)},England UK
"'Allo 'Allo!" ,1982, {A Marriage of Inconvenience (#5.6)},England UK
"'Allo 'Allo!" ,1982, {A Quiet Honeymoon (#7.1)},England UK
"'Allo 'Allo!" ,1982, {A Winkle in Time (#9.6)},England UK
"'Allo 'Allo!" ,1982, {A Woman Never Lies (#8.2)},England UK
"'Allo 'Allo!" ,1982, {All in Disgeese (#5.26)},England UK
"'Allo 'Allo!" ,1982, {An Almighty Bang (#7.2)},England UK
"'Allo 'Allo!" ,1982, {An Enigma Variation (#5.23)},England UK
"'Allo 'Allo!" ,1982, {Arousing Suspicions (#8.1)},England UK
"'Allo 'Allo!" ,1982, {Awful Wedded Wife (#8.4)},England UK
"'Allo 'Allo!" ,1982, {Camp Dance (#4.2)},England UK
"'Allo 'Allo!" ,1982, {Crabtree's Podgeon Pist (#6.7)},England UK
"'Allo 'Allo!" ,1982, {Desperate Doings in the Dungeon (#5.1)},England UK
"'Allo 'Allo!" ,1982, {Desperate Doings in the Graveyard (#6.1)},England UK
"'Allo 'Allo!" ,1982, {Dinner with the General (#5.3)},England UK
"'Allo 'Allo!" ,1982, {Down the Drain (#5.25)},England UK
"'Allo 'Allo!" ,1982, {Fighting with Windmills (#9.1)},England UK
"'Allo 'Allo!" ,1982, {Firing Squashed (#8.5)},England UK
"'Allo 'Allo!" ,1982, {Fleeing Monks (#7.3)},England UK
"'Allo 'Allo!" ,1982, {Flight of Fancy (#3.4)},England UK
"'Allo 'Allo!" ,1982, {Flight to Geneva (#5.21)},England UK
"'Allo 'Allo!" ,1982, {Going Like a Bomb (#5.17)},England UK
"'Allo 'Allo!" ,1982, {Good Staff Are Hard to Find (#4.3)},England UK
"'Allo 'Allo!" ,1982, {Gruber Does Some Mincing (#3.2)},England UK
"'Allo 'Allo!" ,1982, {Herr Flick's Revenge (#2.6)},England UK
"'Allo 'Allo!" ,1982, {Hitler's Last Heil (#8.3)},England UK
"'Allo 'Allo!" ,1982, {Land Mines for London (#5.20)},England UK
"'Allo 'Allo!" ,1982, {Leg It to Spain! (#7.7)},England UK
"'Allo 'Allo!" ,1982, {Missing and Presumed Dead (#9.2)},England UK
"'Allo 'Allo!" ,1982, {Money to Burn (#5.18)},England UK
"'Allo 'Allo!" ,1982, {No Hiding Place (#5.7)},England UK
"'Allo 'Allo!" ,1982, {Otherwise Engaged (#5.5)},England UK
"'Allo 'Allo!" ,1982, {Pigeon Post (#1.2)},England UK
"'Allo 'Allo!" ,1982, {Pretty Maids All in a Row (#3.5)},England UK
"'Allo 'Allo!" ,1982, {Prior Engagements (#7.8)},England UK
"'Allo 'Allo!" ,1982, {Prisoners of War (#4.1)},England UK
"'Allo 'Allo!" ,1982, {Puddings Can Go Off (#5.19)},England UK
"'Allo 'Allo!" ,1982, {Reds Nick's Colonel (#1.6)},England UK
"'Allo 'Allo!" ,1982, {Ren - Under an Assumed Nose (#5.10)},England UK
"'Allo 'Allo!" ,1982, {Ren Artois Is Still Dead (#9.3)},England UK
"'Allo 'Allo!" ,1982, {Ren of the Gypsies (#7.10)},England UK
"'Allo 'Allo!" ,1982, {Ribbing the Bonk (#5.13)},England UK
"'Allo 'Allo!" ,1982, {Rising to the Occasion (#6.8)},England UK
"'Allo 'Allo!" ,1982, {Savile Row to the Rescue (#1.3)},England UK
"'Allo 'Allo!" ,1982, {Six Big Boobies (#2.1)},England UK
"'Allo 'Allo!" ,1982, {Soup and Sausage (#7.9)},England UK
"'Allo 'Allo!" ,1982, {Swan Song (#8.7)},England UK
"'Allo 'Allo!" ,1982, {Swiftly and with Style (#2.4)},England UK
"'Allo 'Allo!" ,1982, {The Airmen De-Nicked (#6.5)},England UK
"'Allo 'Allo!" ,1982, {The Arrival of the Homing Duck (#5.8)},England UK
"'Allo 'Allo!" ,1982, {The British 'ave Come (#1.1)},England UK
"'Allo 'Allo!" ,1982, {The British Are Coming (#1.0)},England UK
"'Allo 'Allo!" ,1982, {The Camera in the Potato (#5.2)},England UK
"'Allo 'Allo!" ,1982, {The Confusion of the Generals (#5.11)},England UK
"'Allo 'Allo!" ,1982, {The Crooked Fences (#6.6)},England UK
"'Allo 'Allo!" ,1982, {The Dance of Hitler Youth (#1.7)},England UK
"'Allo 'Allo!" ,1982, {The Dreaded Circular Saw (#5.4)},England UK
"'Allo 'Allo!" ,1982, {The Duel (#2.5)},England UK
"'Allo 'Allo!" ,1982, {The Execution (#1.4)},England UK
"'Allo 'Allo!" ,1982, {The Exploding Bedpan (#5.16)},England UK
"'Allo 'Allo!" ,1982, {The Fishmonger Float (#9.4)},England UK
"'Allo 'Allo!" ,1982, {The Flying Nun (#4.4)},England UK
"'Allo 'Allo!" ,1982, {The Funeral (#1.5)},England UK
"'Allo 'Allo!" ,1982, {The Gateau from the Chateau (#2.7)},England UK
"'Allo 'Allo!" ,1982, {The Gestapo Ruins a Picnic (#7.5)},England UK
"'Allo 'Allo!" ,1982, {The Gestapo for the High Jump (#6.2)},England UK
"'Allo 'Allo!" ,1982, {The Great Un-Escape (#3.6)},England UK
"'Allo 'Allo!" ,1982, {The Jet-Propelled Mother-In-Law (#4.6)},England UK
"'Allo 'Allo!" ,1982, {The Nicked Airmen (#6.4)},England UK
"'Allo 'Allo!" ,1982, {The Nicked Knockwurst (#3.1)},England UK
"'Allo 'Allo!" ,1982, {The Nouvion Oars (#6.3)},England UK
"'Allo 'Allo!" ,1982, {The Poloceman Cometh (#2.3)},England UK
"'Allo 'Allo!" ,1982, {The Reluctant Millionaires (#5.14)},England UK
"'Allo 'Allo!" ,1982, {The Sausage in the Trousers (#4.5)},England UK
"'Allo 'Allo!" ,1982, {The Sausage in the Wardrobe (#3.3)},England UK
"'Allo 'Allo!" ,1982, {The Spirit of Nouvion (#7.6)},England UK
"'Allo 'Allo!" ,1982, {The Wooing of Widow Artois (#2.2)},England UK
"'Allo 'Allo!" ,1982, {Train of Events (#5.22)},England UK
"'Allo 'Allo!" ,1982, {Up the Crick Without a Piddle (#7.4)},England UK
"'Allo 'Allo!" ,1982, {Watch the Birdie (#5.9)},England UK
"'Allo 'Allo!" ,1982, {Wedding Bloss (#5.24)},England UK
"'Allo 'Allo!" ,1982, {Who's for the Vatican? (#5.12)},England UK
"'Da Kink in My Hair" ,2007, {A Mother of a Day (#1.10)},Toronto Ontario Canada
"'Da Kink in My Hair" ,2007, {All That Glitters (#1.9)},Toronto Ontario Canada
"'Da Kink in My Hair" ,2007, {Black Cake White Cake (#2.10)},Toronto Ontario Canada
"'Da Kink in My Hair" ,2007, {Chicken (#1.3)},Toronto Ontario Canada
"'Da Kink in My Hair" ,2007, {Coming Out of the Closet (#2.11)},Toronto Ontario Canada
"'Da Kink in My Hair" ,2007, {Computer Love (#2.9)},Toronto Ontario Canada
"'Da Kink in My Hair" ,2007, {Di Heart of Di Matter (#1.13)},Toronto Ontario Canada
"'Da Kink in My Hair" ,2007, {Empress of Eglinton (#2.8)},Toronto Ontario Canada
"'Da Kink in My Hair" ,2007, {Empty Bag Can't Stand Up (#1.4)},Toronto Ontario Canada
"'Da Kink in My Hair" ,2007, {Every Hoe Have Him Stick (#1.6)},Toronto Ontario Canada
"'Da Kink in My Hair" ,2007, {Everything in Its Right Place (#2.1)},Toronto Ontario Canada
"'Da Kink in My Hair" ,2007, {Fass & Facety (#1.2)},Toronto Ontario Canada
"'Da Kink in My Hair" ,2007, {Forced Ripe Mango (#2.5)},Toronto Ontario Canada
"'Da Kink in My Hair" ,2007, {Honesty the Best Policy? (#2.7)},Toronto Ontario Canada
"'Da Kink in My Hair" ,2007, {Licks! (#2.6)},Toronto Ontario Canada
"'Da Kink in My Hair" ,2007, {Looks Can Be Revealing (#2.2)},Toronto Ontario Canada
"'Da Kink in My Hair" ,2007, {Love Can't Wrap Up in a Paper (#1.5)},Toronto Ontario Canada
"'Da Kink in My Hair" ,2007, {Me Throw Me Corn But Me No Call No Fowl (#1.11)},Toronto Ontario Canada
"'Da Kink in My Hair" ,2007, {Mouth Open Story Jump Out (#1.8)},Toronto Ontario Canada
"'Da Kink in My Hair" ,2007, {Of Papers and Patois (#2.3)},Toronto Ontario Canada
"'Da Kink in My Hair" ,2007, {Oil's Well That Ends Well (#2.13)},Toronto Ontario Canada
"'Da Kink in My Hair" ,2007, {Pardnah Me? (#2.12)},Toronto Ontario Canada
"'Da Kink in My Hair" ,2007, {Playing Social (#2.4)},Toronto Ontario Canada
"'Da Kink in My Hair" ,2007, {Rules Are Made... (#1.1)},Toronto Ontario Canada
"'Da Kink in My Hair" ,2007, {Speaky Spokey (#1.12)},Toronto Ontario Canada
"'Da Kink in My Hair" ,2007, {The Man of the House (#1.7)},Toronto Ontario Canada
"'Frankie & Emma'" ,2017,NO DATA,London England UK
"'More strasti'" ,2000,NO DATA,Montenegro
"'Pathic" ,NO DATA,NO DATA,Sydney New South Wales Australia
"'Sang linggo nAPO sila" ,1995,NO DATA,Philippines
"'Til Death Do Us Part" ,2006, {Pilot (#1.0)},Melrose Lumber Ossining New York USA
"'Til Death Do Us Part" ,2006, {Pilot (#1.0)},South Presbyterian Church Dobbs Ferry New York USA
"'Til Death Do Us Part" ,2006, {Pilot (#1.0)},Sportime USA - 380 Saw Mill River Rd Elmsford New York USA
"'Til Death Do Us Part" ,2006, {The Strip Club Murder (#1.6)},Hamilton Ontario Canada
"'Til Death Do Us Part" ,2006, {The Strip Club Murder (#1.6)},Fox's Den King Street Hamilton Ontario Canada
"'Til Death" ,2006,NO DATA,Sony Pictures Studios - 10202 W. Washington Blvd. Culver City California USA
"'Til Death" ,2006, {Clay Date (#1.17)},Sony Pictures Studios - 10202 W. Washington Blvd. Culver City California USA
"'Til Death" ,2006, {Four Neighbors and a Funeral (#2.2)},Sony Pictures Studios - 10202 W. Washington Blvd. Culver City California USA
"'Til Death" ,2006, {I Heart Woodcocks (#1.18)},Sony Pictures Studios - 10202 W. Washington Blvd. Culver City California USA
"'Til Death" ,2006, {Perfect Couple (#4.14)},Sony Pictures Studios - 10202 W. Washington Blvd. Culver City California USA
"'Til Death" ,2006, {Performance Anxiety (#2.1)},Sony Pictures Studios - 10202 W. Washington Blvd. Culver City California USA
"'Til Death" ,2006, {Summer of Love (#1.22)},Sony Pictures Studios - 10202 W. Washington Blvd. Culver City California USA
"'Til Death" ,2006, {That's Ridiculous (#1.20)},Sony Pictures Studios - 10202 W. Washington Blvd. Culver City California USA
"'Til Death" ,2006, {The Baby (#4.34)},Sony Pictures Studios - 10202 W. Washington Blvd. Culver City California USA
"'Til Death" ,2006, {The Buffer (#4.7)},Sony Pictures Studios - 10202 W. Washington Blvd. Culver City California USA
"'Til Death" ,2006, {The Coffee Maker (#1.19)},Sony Pictures Studios - 10202 W. Washington Blvd. Culver City California USA
"'Til Death" ,2006, {The Ex-Factor (#4.6)},Sony Pictures Studios - 10202 W. Washington Blvd. Culver City California USA
"'Til Death" ,2006, {The Italian Affair (#1.16)},Sony Pictures Studios - 10202 W. Washington Blvd. Culver City California USA
"'Til Death" ,2006, {The Joy of Learning (#4.35)},Sony Pictures Studios - 10202 W. Washington Blvd. Culver City California USA
"'Til Death" ,2006, {The Tale of the Tape (#2.4)},Sony Pictures Studios - 10202 W. Washington Blvd. Culver City California USA
"'Til Death" ,2006, {The Wedding (#4.21)},Sony Pictures Studios - 10202 W. Washington Blvd. Culver City California USA
"'Til Death" ,2006, {Webby's Not Happy (#1.21)},Sony Pictures Studios - 10202 W. Washington Blvd. Culver City California USA
"'Wag kukurap" ,2004,NO DATA,Philippines
"'Way Out" ,1961,NO DATA,New York City New York USA
"'Way Out" ,1961, {20/20 (#1.14)},New York City New York USA
"'Way Out" ,1961, {Button Button (#1.4)},New York City New York USA
"'Way Out" ,1961, {Death Wish (#1.9)},New York City New York USA
"'Way Out" ,1961, {Dissolve to Black (#1.8)},New York City New York USA
"'Way Out" ,1961, {False Face (#1.7)},New York City New York USA
"'Way Out" ,1961, {Hush-Hush (#1.11)},New York City New York USA
"'Way Out" ,1961, {I Heard You Calling Me (#1.5)},New York City New York USA
"'Way Out" ,1961, {Side Show (#1.12)},New York City New York USA
"'Way Out" ,1961, {Soft Focus (#1.13)},New York City New York USA
"'Way Out" ,1961, {The Croaker (#1.6)},New York City New York USA
"'Way Out" ,1961, {The Down Car (#1.2)},New York City New York USA
"'Way Out" ,1961, {The Overnight Case (#1.10)},New York City New York USA
"'Way Out" ,1961, {The Sisters (#1.3)},New York City New York USA
"'Way Out" ,1961, {William and Mary (#1.1)},New York City New York USA
"'n Shrink" ,2009,NO DATA,Austin Texas USA
"'n Shrink" ,2009, {Haul from Hell (#1.3)},Austin Texas USA
NO DATA,Des,Encontros" (2014) {Lara e Gael (#1.1)},Canal 3 Santos SP Brazil
NO DATA,Mis,NO DATA,adventure"
NO DATA,Mis,NO DATA,adventure"
NO DATA,Not,NO DATA, Brothers"
NO DATA,NO DATA,NO DATA,placement"
NO DATA,NO DATA,avis" (2008) {(#1.13)},Teatre Nacional de Catalunya Barcelona Catalonia Spain
NO DATA,NO DATA,avis" (2008) {(#1.13)},Teatre Romea Barcelona Catalonia Spain
NO DATA,NO DATA,avis" (2008) {(#2.1)},Parlament de Catalunya Barcelona Catalonia Spain
NO DATA,NO DATA,NO DATA,Balanced: A Web Series"
NO DATA,gli,NO DATA, Imperatori"
"+27: Social Innovators of South Africa" ,2014,NO DATA,Cape Town South Africa
"+27: Social Innovators of South Africa" ,2014,NO DATA,Johannesburg South Africa
"...Amb Manel Fuentes" ,2004,NO DATA,Sant Joan Desp Barcelona Catalonia Spain
"...De raz luna" ,2008,NO DATA,Mexico
"...e le stelle stanno a guardare" ,1971,NO DATA,Massa Marittima Grosseto Tuscany Italy
"...e le stelle stanno a guardare" ,1971,NO DATA,Punta Ala Castiglione della Pescaia Grosseto Tuscany Italy
"...i Hetluften" ,1994,NO DATA,Sweden
"/Drive on NBCSN" ,2014, {Italy Returns (#4.5)},Passo dello Stelvio South Tyrol Italy
"/Drive on NBCSN" ,2014, {McLaren (#1.2)},Woking Surrey England UK
"/Drive on NBCSN" ,2014, {McLaren (#1.2)},Abu Dhabi United Arab Emirates
"/Drive on NBCSN" ,2014, {National Parks Tribute (#4.6)},Zion National Park Utah USA
"/Drive on NBCSN" ,2014, {National Parks Tribute (#4.6)},Las Vegas Nevada USA
"/Drive on NBCSN" ,2014, {National Parks Tribute (#4.6)},Spring Mountain Motor Resort and Country Club Pahrump Nevada USA
"/Drive on NBCSN" ,2014, {National Parks Tribute (#4.6)},Area 51 Alien Center Amargosa Valley Nevada USA
"/Drive on NBCSN" ,2014, {National Parks Tribute (#4.6)},Death Valley National Park California USA
"/Drive on NBCSN" ,2014, {National Parks Tribute (#4.6)},Yosemite National Park California USA
"01-For London" ,1987,NO DATA,London England UK
"01.09" ,2017,NO DATA,So Paulo So Paulo Brazil
"0511 Sondersendung zu Theaterformen" ,2007,NO DATA,Hannover Lower Saxony Germany
"0511 TV Lokal" ,2007,NO DATA,Hannover Lower Saxony Germany
"0511 TV Lokal" ,2007, {10 Jahre AWO rennt},Hannover Lower Saxony Germany
"0511 TV Lokal" ,2007, {A Clockwork Orange im Ballhof},Hannover Lower Saxony Germany
"0511 TV Lokal" ,2007, {AWO-Kinderlauf},Hannover Lower Saxony Germany
"0511 TV Lokal" ,2007, {Andrea Focks im Atelier},Barsinghausen Lower Saxony Germany
"0511 TV Lokal" ,2007, {Autofreier Sonntag in Hannover},Hannover Lower Saxony Germany
"0511 TV Lokal" ,2007, {Babylon - Theaterfestival},Hannover Lower Saxony Germany
"0511 TV Lokal" ,2007, {Bandfactory - Frames},Hannover Lower Saxony Germany
"0511 TV Lokal" ,2007, {Biomekkanik + Auto-Auto im Talk},Hannover Lower Saxony Germany
"0511 TV Lokal" ,2007, {Bravo Bene! Arnulf Ratings Aufwrts},Hannover Lower Saxony Germany
"0511 TV Lokal" ,2007, {DNA-Test},Hannover Lower Saxony Germany
"0511 TV Lokal" ,2007, {Dagmar Huth},Hannover Lower Saxony Germany
"0511 TV Lokal" ,2007, {David Thorpe im Kunstverein},Hannover Lower Saxony Germany
"0511 TV Lokal" ,2007, {Ein Sonntag im Park},Hannover Lower Saxony Germany
"0511 TV Lokal" ,2007, {Elektromobilitt auf der MobiliTec},Hannover Lower Saxony Germany
"0511 TV Lokal" ,2007, {Fhrmannsfest},Hannover Lower Saxony Germany
"0511 TV Lokal" ,2007, {Gartenlust im Georgengarten},Hannover Lower Saxony Germany
"0511 TV Lokal" ,2007, {Hahnenfu bedeckt Maschsee},Hannover Lower Saxony Germany
"0511 TV Lokal" ,2007, {Hanover's Boys' Choir},Hannover Lower Saxony Germany
"0511 TV Lokal" ,2007, {Hart am Wind - Kinder & Jugend -Theaterfestival},Hannover Lower Saxony Germany
"0511 TV Lokal" ,2007, {Ideen-Expo 2009},Hannover Lower Saxony Germany
"0511 TV Lokal" ,2007, {Internationaler Gromodellflugtag Lehrte},Lehrte Lower Saxony Germany
"0511 TV Lokal" ,2007, {Jazz am Ballhof 2},Hannover Lower Saxony Germany
"0511 TV Lokal" ,2007, {Kari Bremnes - Masala},Hannover Lower Saxony Germany
"0511 TV Lokal" ,2007, {Kinos am Raschplatz - Wiedererfnung},Hannover Lower Saxony Germany
"0511 TV Lokal" ,2007, {Kunst im Kaufhaus - Made in Korea},Hannover Lower Saxony Germany
"0511 TV Lokal" ,2007, {Kunsthandwerkermarkt in Celle},Celle Lower Saxony Germany
"0511 TV Lokal" ,2007, {Leigh Bowery and Dresscodes},Hannover Lower Saxony Germany
"0511 TV Lokal" ,2007, {Lichtgestalten},Hannover Lower Saxony Germany
"0511 TV Lokal" ,2007, {Lindemann & Stroganow im TAK},Hannover Lower Saxony Germany
"0511 TV Lokal" ,2007, {Lune Ndiaye - Knstler aus Senegal},Hannover Lower Saxony Germany
"0511 TV Lokal" ,2007, {Magen-Darm-Tag in der MHH},Hannover Lower Saxony Germany
"0511 TV Lokal" ,2007, {Malte Sartorius - Venedig},Hannover Lower Saxony Germany
"0511 TV Lokal" ,2007, {Mindestlohn-Karawane},Hannover Lower Saxony Germany
"0511 TV Lokal" ,2007, {Moonlight Shopping},Hannover Lower Saxony Germany
"0511 TV Lokal" ,2007, {Musik-Kulturfest in Hannover-Linden},Hannover Lower Saxony Germany
"0511 TV Lokal" ,2007, {Old fashioned - Krperformen},Hannover Lower Saxony Germany
"0511 TV Lokal" ,2007, {Pee Wee Ellis - Masala},Hannover Lower Saxony Germany
"0511 TV Lokal" ,2007, {Perlen - Schwul-Lesbisches Film Festival Hannover},Hannover Lower Saxony Germany
"0511 TV Lokal" ,2007, {Poetry Slam - 3Raum im Ballhof},Hannover Lower Saxony Germany
"0511 TV Lokal" ,2007, {Poetry Slam mit Bas Bttcher},Hannover Lower Saxony Germany
"0511 TV Lokal" ,2007, {Pressekonferenz Schauspielhaus},Hannover Lower Saxony Germany
"0511 TV Lokal" ,2007, {Produzentengalerie Falkenberg},Hannover Lower Saxony Germany
"0511 TV Lokal" ,2007, {Reinert-Kassner - Erwachsenenfortbildg},Hannover Lower Saxony Germany
"0511 TV Lokal" ,2007, {Rock alternatif franais},Hannover Lower Saxony Germany
"0511 TV Lokal" ,2007, {Rosa von Praunheim im Interview zu seinem Film 'Die Jungs vom Bahnhof Zoo'},Hannover Lower Saxony Germany
"0511 TV Lokal" ,2007, {Rufus Beck die deutsche Hrbuch-Stimme von Harry Potter},Hannover Lower Saxony Germany
"0511 TV Lokal" ,2007, {Salsa Night},Hannover Lower Saxony Germany
"0511 TV Lokal" ,2007, {Schmucki-Festival},Hannover Lower Saxony Germany
"0511 TV Lokal" ,2007, {Scillabltenfest in Hannover-Linden},Hannover Lower Saxony Germany
"0511 TV Lokal" ,2007, {Scillabltenfest},Hannover Lower Saxony Germany